dataset,model,seed,time_taken,status,"{'max_features': 'sqrt', 'min_samples_leaf': 1}","time_{'max_features': 'sqrt', 'min_samples_leaf': 1}","{'max_features': 'sqrt', 'min_samples_leaf': 5}","time_{'max_features': 'sqrt', 'min_samples_leaf': 5}","{'max_features': 1.0, 'min_samples_leaf': 1}","time_{'max_features': 1.0, 'min_samples_leaf': 1}","{'max_features': 1.0, 'min_samples_leaf': 5}","time_{'max_features': 1.0, 'min_samples_leaf': 5}"
cpu_act,obliquert,121958,22.4531,success,2.786415321573146,1.7434,2.88323566212512,1.0915,2.458835237058928,8.0899,2.510511729335071,6.5605
cpu_act,obliquert,671155,22.9168,success,2.7553012077822463,1.8161,3.0790844091060587,1.1023,2.5297912136331515,8.3946,2.5483529669007097,6.6292
cpu_act,obliquert,131932,22.5577,success,2.7586942904183327,1.7231,2.892571836673706,1.1072,2.5259613633001154,8.1821,2.5408217971680274,6.624
cpu_act,obliquert,365838,22.7848,success,2.6840568934589375,1.8418,2.8088118648481077,1.1426,2.4635742339886773,8.1973,2.511602394318012,6.6266
cpu_act,obliquert,259178,22.6338,success,2.7583608890950924,1.7625,3.0160028981607017,1.0902,2.4813550536360824,8.1628,2.538255730610528,6.6361
pol,obliquert,121958,20.1952,success,6.4035054339678465,2.2669,7.5623490083803455,1.779,4.990213273728731,6.7699,5.662433966200898,5.4896
pol,obliquert,671155,19.6364,success,6.581624608862042,2.2115,7.732998516287943,1.6853,5.12000631059179,6.6375,5.5566729266982895,5.4669
pol,obliquert,131932,17.8568,success,6.812949018727056,1.3502,7.832571389945049,1.0694,5.03934566487225,6.3021,5.416955642093437,5.3867
pol,obliquert,365838,19.5379,success,6.671847972820371,2.1947,7.809242034468046,1.7436,4.951774972063064,6.7138,5.570661876989553,5.3269
pol,obliquert,259178,20.3333,success,6.566661881670837,2.2791,7.630659900643471,1.7919,5.055737671740153,6.8416,5.572675185315397,5.5586
elevators,obliquert,121958,37.5572,success,0.0033669392935009104,5.1481,0.0034829669308794353,2.9314,0.002831145856825737,13.7725,0.0028902493007654795,8.6086
elevators,obliquert,671155,38.5844,success,0.003400713877861,4.9899,0.003524434601530542,2.8687,0.0027996759859895467,14.456,0.002846186746531783,8.9048
elevators,obliquert,131932,38.3721,success,0.0033138593020152368,5.0488,0.0035056427783687213,3.0146,0.0028342820138045326,14.1812,0.0028957053227841464,8.8962
elevators,obliquert,365838,37.9563,success,0.0033528153972019904,5.0635,0.003532931565809591,2.877,0.002808957424463944,14.1837,0.002850161395405724,8.6632
elevators,obliquert,259178,37.8464,success,0.003338043938252006,4.8447,0.0034636753051631463,2.8607,0.0028012023229660467,13.9788,0.0028693662930053612,8.8336
wine_quality,obliquert,121958,9.9669,success,0.6276056813337535,1.3994,0.6543972251713818,1.055,0.627725676003915,3.7485,0.6444005753694982,2.7896
wine_quality,obliquert,671155,9.8488,success,0.6345314077875505,1.407,0.6584173175979163,1.0524,0.6345862695544892,3.6631,0.6492789007753221,2.7678
wine_quality,obliquert,131932,9.8486,success,0.6336509699426268,1.4228,0.6608899549873252,1.0831,0.6371869046419972,3.6263,0.6520406153489212,2.7695
wine_quality,obliquert,365838,10.8433,success,0.6363525116703741,1.3986,0.6574201903699047,1.0346,0.6350635175434433,3.5989,0.6522394049701616,2.7646
wine_quality,obliquert,259178,10.9322,success,0.631426209685709,1.4041,0.6585628078424458,1.0483,0.631317372554387,3.6379,0.6444478630941523,2.7599
Ailerons,obliquert,121958,42.7369,success,0.00018803600000434723,4.4648,0.00019337113270448373,2.3311,0.00016602190538724448,19.1703,0.00016588604398315045,11.1631
Ailerons,obliquert,671155,44.1205,success,0.00019087567145493274,4.2663,0.00019607612269152098,2.3127,0.00016740430838813,19.5062,0.0001678992026663891,11.4539
Ailerons,obliquert,131932,40.6929,success,0.0001909602807552747,4.403,0.0001953863651872162,2.3243,0.0001664652685980766,19.5638,0.00016610035889172805,8.1946
Ailerons,obliquert,365838,41.962,success,0.000189969760626096,2.6452,0.00019406067313806766,2.0254,0.00016735394702833547,19.418,0.00016732974069673932,11.5561
Ailerons,obliquert,259178,41.6758,success,0.00018807190519400777,4.4268,0.00019264902944926595,2.3315,0.00016632587338385584,19.1999,0.0001668285635847068,9.1805
houses,obliquert,121958,37.4384,success,0.2609362708870671,5.1242,0.26857132602296585,3.1488,0.2450739222614351,13.2292,0.24634866915671005,8.7565
houses,obliquert,671155,38.0624,success,0.2623848645180571,5.2207,0.2685082824248641,3.1671,0.24470387960988058,13.6276,0.24625109108260013,8.8224
houses,obliquert,131932,38.1314,success,0.2636124015268229,5.3178,0.2721865965669708,3.2312,0.24581133591782642,13.5569,0.24698157445697064,8.7985
houses,obliquert,365838,37.417,success,0.26228912820533073,5.0919,0.2707154920803177,3.105,0.24521997148683836,13.3163,0.24591599985610615,8.7134
houses,obliquert,259178,37.9302,success,0.2633026947836107,5.2919,0.26990054837097865,3.1941,0.2446688232655989,13.4962,0.24728964577073895,8.7394
house_16H,obliquert,121958,73.7083,success,0.5869521221360555,10.2492,0.5965654577262086,6.4296,0.5800634693931769,31.5318,0.5804571176076299,14.5113
house_16H,obliquert,671155,73.09,success,0.5843515362254399,9.9253,0.5980108090706288,6.3527,0.5713899117658652,31.6086,0.5770124580313145,14.2261
house_16H,obliquert,131932,70.0001,success,0.5881549412481473,10.4923,0.5966903613189175,6.4864,0.5742079177931712,27.8225,0.5756917214308889,14.035
house_16H,obliquert,365838,70.6318,success,0.5912491129211747,10.104,0.5989272982326872,6.4864,0.5711143442689696,29.1164,0.5818149725498934,13.9112
house_16H,obliquert,259178,68.5397,success,0.5902309071728039,9.9987,0.5947013096345904,6.361,0.5837048398283834,30.1643,0.5819861215791223,13.9788
diamonds,obliquert,121958,52.0321,success,0.24352732560682522,11.7273,0.23666777570454808,6.5575,0.24426025281866823,21.9075,0.23721645846882575,9.3517
diamonds,obliquert,671155,48.6145,success,0.24302537426227136,11.5194,0.23637509272029922,6.5173,0.24341092372663953,18.5292,0.2370281206846601,9.5974
diamonds,obliquert,131932,52.4894,success,0.24257506842540755,11.6514,0.23619933429443604,6.5424,0.2429894652789,22.392,0.2366670495070067,9.4485
diamonds,obliquert,365838,54.1833,success,0.24346916331165705,11.6401,0.2367502143474773,6.2928,0.2440631766884587,23.5161,0.23718675152253235,10.2891
diamonds,obliquert,259178,54.7793,success,0.24306209560801798,11.5345,0.23661765523271697,6.4752,0.24368715471247523,23.2608,0.23704762558967074,11.0604
Brazilian_houses,obliquert,121958,13.3495,success,0.10538304256637743,1.9651,0.11583131213027031,1.1362,0.08394110641953735,4.77,0.09356050879770435,2.7663
Brazilian_houses,obliquert,671155,13.158,success,0.09061362388494777,1.9424,0.11709510648337769,1.1237,0.06467243725316354,4.6275,0.08757952216523059,2.7268
Brazilian_houses,obliquert,131932,13.7499,success,0.09389134717443536,1.9688,0.12158006338394238,1.2383,0.06930618178182041,5.0833,0.09104193519181168,2.7504
Brazilian_houses,obliquert,365838,13.1475,success,0.09532000732412212,1.964,0.11897941846565363,1.1103,0.06929757953878761,4.6676,0.08945410302530356,2.698
Brazilian_houses,obliquert,259178,13.455,success,0.08710543486232229,1.978,0.11539309463081567,1.1447,0.060797507953089226,4.785,0.08827273081641503,2.7323
Bike_Sharing_Demand,obliquert,121958,16.872,success,105.12396621132575,3.1537,106.3965961515258,1.8761,102.26622388947847,6.1574,101.16774181481951,3.5546
Bike_Sharing_Demand,obliquert,671155,16.8693,success,105.4351680661792,3.1754,106.97764007122957,1.6939,103.23293767969447,6.1464,102.00308158578362,3.7336
Bike_Sharing_Demand,obliquert,131932,16.8288,success,105.4799175189209,3.1629,106.2697227477427,1.696,102.8319608460559,6.1825,101.58674323037144,3.7134
Bike_Sharing_Demand,obliquert,365838,16.7261,success,106.35336624426229,3.2062,107.0453650761316,1.7099,103.39849140816982,6.1212,102.43679445548266,3.5771
Bike_Sharing_Demand,obliquert,259178,16.9122,success,104.9249060442591,3.1645,106.14275832849653,1.7242,102.4908224204447,6.1317,101.28833998343866,3.8351
house_sales,obliquert,121958,47.4072,success,0.203410571428866,6.1615,0.20631555190952397,3.4221,0.1890866365965285,22.1536,0.18902060051920389,10.6973
house_sales,obliquert,671155,47.0051,success,0.2041408701145457,6.2608,0.20763703594101912,3.5088,0.1893362018746032,21.9788,0.18908334845534883,10.4284
house_sales,obliquert,131932,49.2253,success,0.2029036100684877,6.3284,0.2082895567799555,3.4148,0.189117914651859,21.5908,0.18921045091290759,10.4739
house_sales,obliquert,365838,48.4031,success,0.20335947469006824,6.1812,0.2078311261274026,3.3942,0.18883558866152442,21.7085,0.18879757279824136,12.3004
house_sales,obliquert,259178,46.5465,success,0.20360235121140802,6.1453,0.20638703178690845,3.4714,0.18883167817330357,21.7889,0.18882845468618806,10.3146
sulfur,obliquert,121958,17.7285,success,0.020300511704792346,2.7442,0.02326472710854389,1.8224,0.02006208006720898,5.7545,0.02190737483855354,4.0151
sulfur,obliquert,671155,15.8362,success,0.018952115739313366,2.7824,0.022946285579737196,1.8221,0.01932393620476498,5.7738,0.0221476041066485,4.0597
sulfur,obliquert,131932,17.6224,success,0.019837547807542353,2.7699,0.022690960974887764,1.8726,0.01877826947709565,5.9496,0.021602209427140612,4.0303
sulfur,obliquert,365838,17.4604,success,0.01978034969652681,2.8788,0.023090461853041238,1.8114,0.018577154317678812,5.7833,0.021266379313709127,3.9604
sulfur,obliquert,259178,17.4622,success,0.01995084157072892,2.7254,0.022650659987989544,1.8346,0.01851745147992656,5.8603,0.020992492765152703,4.0145
medical_charges,obliquert,121958,117.8959,success,0.08647244943739028,24.8137,0.08501191909637353,11.84,0.08585107275371473,39.5511,0.0829842518585146,27.4342
medical_charges,obliquert,671155,119.8111,success,0.08670558280462227,27.3155,0.08565344451493463,12.1287,0.0857800114088204,39.1527,0.0828997389022897,27.0989
medical_charges,obliquert,131932,120.9889,success,0.08629335127361054,27.1607,0.08563016582251502,12.1776,0.08571575207132348,38.9769,0.0828229330383624,28.431
medical_charges,obliquert,365838,122.2044,success,0.08611928567380843,28.5397,0.08539613553403502,12.625,0.08575699052922754,39.0702,0.08288779612265791,27.7132
medical_charges,obliquert,259178,123.9128,success,0.08660892659500279,28.979,0.08592774418790211,14.2281,0.08559847913651658,38.7267,0.08285462128290771,27.6298
MiamiHousing2016,obliquert,121958,32.1195,success,0.17111376474480386,4.6528,0.18034838806479825,2.7821,0.1660048490037657,13.7998,0.16972276120272703,6.1616
MiamiHousing2016,obliquert,671155,36.6546,success,0.17046252700196804,4.4772,0.1806332489632654,2.8413,0.16560149242517097,13.875,0.17069899381252673,9.2348
MiamiHousing2016,obliquert,131932,35.8739,success,0.1719614523944916,4.3636,0.18168446228723267,2.7559,0.16402052561922484,13.7943,0.16837372987827873,9.073
MiamiHousing2016,obliquert,365838,35.9536,success,0.16964269841643867,4.5198,0.17815630158734688,2.7009,0.1646785404718852,13.4033,0.16880054448798046,9.0197
MiamiHousing2016,obliquert,259178,35.7138,success,0.17178227575650226,4.5168,0.17982225972481705,2.766,0.16589569359231596,13.8853,0.1700283930787184,9.1408
superconduct,obliquert,121958,233.0349,success,9.87305165147629,18.9924,10.364108495144453,10.1949,9.740800614340277,101.4103,9.984901755512157,53.4071
superconduct,obliquert,671155,187.3682,success,9.83626771829559,17.8798,10.343321389558279,6.6409,9.838471301376678,102.8885,10.01098414144496,54.2671
superconduct,obliquert,131932,230.3218,success,9.87938902890407,18.9917,10.429286213081607,8.7599,9.782972860266643,100.3706,9.998541494534942,52.9771
superconduct,obliquert,365838,232.5063,success,9.770488768861595,19.2485,10.262963928214829,10.1136,9.653298267329312,100.9512,9.873543742001718,52.7852
superconduct,obliquert,259178,230.18,success,9.78044891834123,19.5369,10.352197452906864,8.8882,9.7724210790148,100.0034,9.957628621042256,52.6117
yprop_4_1,obliquert,121958,37.3624,success,0.02933156650825855,4.4532,0.02892815572460261,1.9516,0.029352814820968437,23.4503,0.0290786036771073,6.8246
yprop_4_1,obliquert,671155,37.3556,success,0.029189153997396005,4.4621,0.028987709310164023,1.9999,0.02934038501564241,20.3346,0.02895690919078085,6.8291
yprop_4_1,obliquert,131932,39.5145,success,0.029236332296804373,4.5494,0.028947463143510103,1.9667,0.029201340327413908,22.6173,0.028938931861996656,6.7971
yprop_4_1,obliquert,365838,37.1718,success,0.029062989505731714,4.2904,0.028915728513893253,1.9698,0.029167821211338592,23.4283,0.028916936787285148,6.8055
yprop_4_1,obliquert,259178,34.0642,success,0.02930354988930002,4.3616,0.028890919845064752,2.0065,0.029327578305823564,16.6162,0.028861403806397252,7.4071
abalone,obliquert,121958,5.3932,success,2.1780261871575175,0.9831,2.154390552618521,0.6262,2.169532284007691,1.8514,2.125797970770922,1.2617
abalone,obliquert,671155,5.242,success,2.1739999107303523,0.9147,2.166937973344987,0.6146,2.1524850198428234,1.8083,2.134204897021053,1.2408
abalone,obliquert,131932,4.4643,success,2.1943247889421618,0.9197,2.1724465582234678,0.6154,2.186774298641316,1.6556,2.156181176288365,0.8211
abalone,obliquert,365838,5.3086,success,2.182588415952455,0.9205,2.1444522724209496,0.6128,2.17781329137775,1.8499,2.1349935349288534,1.2627
abalone,obliquert,259178,5.2437,success,2.1754719865712886,0.9081,2.1528531545764946,0.604,2.1910752151065886,1.8392,2.13649154210546,1.2287
