dataset,seed,time_taken,status,"{'max_group': 3, 'n_estimators': 20, 'remove_proportion': 0.25}","time_{'max_group': 3, 'n_estimators': 20, 'remove_proportion': 0.25}","{'max_group': 3, 'n_estimators': 20, 'remove_proportion': 0.5}","time_{'max_group': 3, 'n_estimators': 20, 'remove_proportion': 0.5}","{'max_group': 3, 'n_estimators': 20, 'remove_proportion': 0.75}","time_{'max_group': 3, 'n_estimators': 20, 'remove_proportion': 0.75}","{'max_group': 3, 'n_estimators': 50, 'remove_proportion': 0.25}","time_{'max_group': 3, 'n_estimators': 50, 'remove_proportion': 0.25}","{'max_group': 3, 'n_estimators': 50, 'remove_proportion': 0.5}","time_{'max_group': 3, 'n_estimators': 50, 'remove_proportion': 0.5}","{'max_group': 3, 'n_estimators': 50, 'remove_proportion': 0.75}","time_{'max_group': 3, 'n_estimators': 50, 'remove_proportion': 0.75}","{'max_group': 7, 'n_estimators': 20, 'remove_proportion': 0.25}","time_{'max_group': 7, 'n_estimators': 20, 'remove_proportion': 0.25}","{'max_group': 7, 'n_estimators': 20, 'remove_proportion': 0.5}","time_{'max_group': 7, 'n_estimators': 20, 'remove_proportion': 0.5}","{'max_group': 7, 'n_estimators': 20, 'remove_proportion': 0.75}","time_{'max_group': 7, 'n_estimators': 20, 'remove_proportion': 0.75}","{'max_group': 7, 'n_estimators': 50, 'remove_proportion': 0.25}","time_{'max_group': 7, 'n_estimators': 50, 'remove_proportion': 0.25}","{'max_group': 7, 'n_estimators': 50, 'remove_proportion': 0.5}","time_{'max_group': 7, 'n_estimators': 50, 'remove_proportion': 0.5}","{'max_group': 7, 'n_estimators': 50, 'remove_proportion': 0.75}","time_{'max_group': 7, 'n_estimators': 50, 'remove_proportion': 0.75}"
cpu_act,0,6290.5026,success,2.3213969112824073,463.5832,2.3198005995297275,477.817,2.322088536794302,471.7316,2.3213969112824073,464.2048,2.3198005995297275,469.8939,2.322088536794302,470.029,2.314097552293479,535.6912,2.3142062222231634,535.3413,2.3164478959167507,534.2062,2.314097552293479,531.2714,2.3142062222231634,532.8623,2.3164478959167507,533.7202
cpu_act,1,6276.4635,success,2.342558286924823,457.5315,2.3401019131430645,475.5881,2.338887322879541,468.7252,2.342558286924823,462.3587,2.3401019131430645,465.8752,2.338887322879541,467.6868,2.337777981935905,538.1251,2.337818413837889,538.8275,2.332085004733368,534.2513,2.337777981935905,532.238,2.337818413837889,533.7761,2.332085004733368,534.5884
cpu_act,2,6231.7922,success,2.340247597907771,474.4028,2.338228891752468,476.3701,2.340803379408246,474.2353,2.340247597907771,430.9641,2.338228891752468,463.7645,2.340803379408246,475.5579,2.3493428856137926,521.269,2.3466550983375085,536.1521,2.3446144760500656,539.6418,2.3493428856137926,537.0524,2.3466550983375085,535.9624,2.3446144760500656,529.6758
cpu_act,3,6297.8597,success,2.327554255571323,475.3076,2.3222752266201603,475.8259,2.321758893822221,476.8209,2.327554255571323,471.244,2.3222752266201603,473.4693,2.321758893822221,471.9676,2.310753949628974,533.7019,2.3119530318976644,538.7719,2.312299982727429,526.6004,2.310753949628974,525.5293,2.3119530318976644,532.1222,2.312299982727429,530.8038
cpu_act,4,6265.5683,success,2.332562013939178,474.0324,2.334533070522111,479.5151,2.333262660169899,475.574,2.332562013939178,470.6876,2.334533070522111,468.5636,2.333262660169899,474.8199,2.3551966826082293,534.2836,2.3563523625384613,534.8448,2.3495212503931353,537.1686,2.3551966826082293,523.5893,2.3563523625384613,535.0332,2.3495212503931353,526.2306
pol,0,5914.8378,success,4.441473488242804,359.5584,4.441569336524592,361.1717,4.426366134100554,356.1467,4.441473488242804,360.4228,4.441569336524592,364.6833,4.426366134100554,368.9024,4.801958272573137,591.6293,4.802861471774417,591.5357,4.798353824957197,599.8065,4.801958272573137,590.372,4.802861471774417,591.579,4.798353824957197,597.0319
pol,1,5919.6855,success,4.301525432624637,358.8359,4.304922764378933,359.5889,4.310467114873357,370.697,4.301525432624637,357.1915,4.304922764378933,362.8805,4.310467114873357,368.3717,4.717164032826651,591.1169,4.737329381550036,598.9077,4.730973638132745,593.5543,4.717164032826651,585.6991,4.737329381550036,594.8324,4.730973638132745,600.7836
pol,2,5906.0559,success,4.436032979212258,356.3135,4.459426869725887,359.1347,4.4464306660212145,367.8404,4.436032979212258,362.8628,4.459426869725887,364.9312,4.4464306660212145,367.9772,4.813465559652695,588.1854,4.82934226685854,587.6199,4.82221795354531,597.7124,4.813465559652695,591.032,4.82934226685854,591.7268,4.82221795354531,593.9322
pol,3,5894.4288,success,4.365410494091628,359.7893,4.375001821821141,363.5711,4.371210497996739,367.7684,4.365410494091628,363.2409,4.375001821821141,364.5211,4.371210497996739,369.8708,4.705770763024357,583.6528,4.7105683828759055,590.8599,4.6962185433266725,586.0962,4.705770763024357,587.2613,4.7105683828759055,589.6075,4.6962185433266725,591.7787
pol,4,5885.669,success,4.307835991945344,355.3671,4.326056748181638,360.4028,4.30801924155374,367.7148,4.307835991945344,357.3883,4.326056748181638,359.732,4.30801924155374,368.6367,4.687948391773584,585.8387,4.696180991888741,589.3539,4.730605464090625,591.4466,4.687948391773584,588.3495,4.696180991888741,587.8988,4.730605464090625,595.442
elevators,0,9800.6115,success,0.0024615115328178454,760.7847,0.0024644137120431,749.0224,0.0024638634571138083,812.0773,0.0024615115328178454,812.7798,0.0024644137120431,824.1678,0.0024638634571138083,816.5933,0.002353178001332156,942.1111,0.0023486042458272863,898.8887,0.0023481108421918914,645.2133,0.002353178001332156,606.9373,0.0023486042458272863,679.7513,0.0023481108421918914,862.9586
elevators,1,9964.8831,success,0.0024805002033734566,743.5377,0.0024789465458593765,748.7128,0.0024776373389951757,747.7919,0.0024805002033734566,742.8117,0.0024789465458593765,745.3246,0.0024776373389951757,752.2294,0.002407239105085663,865.4384,0.0023997367304989096,860.357,0.0023994979771565367,874.937,0.002407239105085663,868.3016,0.0023997367304989096,781.5316,0.0023994979771565367,779.3981
elevators,2,10112.3227,success,0.0024591438794109503,814.2668,0.002460703258787242,819.9773,0.002458656697526307,817.7249,0.0024591438794109503,813.2043,0.002460703258787242,810.0191,0.002458656697526307,778.9862,0.002369109834441731,947.7226,0.0023685681397221884,894.7531,0.002369300506951399,871.8164,0.002369109834441731,867.3955,0.0023685681397221884,731.662,0.002369300506951399,638.8478
elevators,3,10612.5021,success,0.0024585612602052733,805.7123,0.0024588056727656207,814.923,0.00246058342534586,812.1998,0.0024585612602052733,807.657,0.0024588056727656207,810.1552,0.00246058342534586,814.2648,0.0024012473657197245,943.0383,0.002400694042743486,893.5613,0.002401142261820113,873.1204,0.0024012473657197245,867.4107,0.002400694042743486,847.2338,0.002401142261820113,872.8411
elevators,4,10064.7874,success,0.0024545989930681218,746.2936,0.0024548126596528504,737.4925,0.002456234687767615,753.1868,0.0024545989930681218,746.2978,0.0024548126596528504,737.5233,0.002456234687767615,750.4813,0.0023632154484810623,864.1619,0.0023619979755853666,837.2724,0.002361764712447142,855.7716,0.0023632154484810623,860.0605,0.0023619979755853666,865.1955,0.002361764712447142,866.011
wine_quality,0,2622.9295,success,0.6064494089917812,199.4155,0.606046422174087,200.8602,0.605976725204591,200.2424,0.6064494089917812,199.8062,0.606046422174087,201.1132,0.605976725204591,203.8949,0.6066646908469108,217.1007,0.6055572925495163,219.5756,0.6073832669898177,217.3601,0.6066646908469108,215.4092,0.6055572925495163,218.8456,0.6073832669898177,217.9336
wine_quality,1,2372.988,success,0.6077470065984992,183.5039,0.6077650913899121,183.3529,0.6080742242240569,184.1048,0.6077470065984992,183.3472,0.6077650913899121,182.1826,0.6080742242240569,184.5371,0.6080694605128433,197.0332,0.6086609511867539,197.3636,0.6081495472475881,196.7458,0.6080694605128433,196.9687,0.6086609511867539,193.9415,0.6081495472475881,197.7993
wine_quality,2,2547.169,success,0.6089450896178471,196.7722,0.6098679838922828,196.0589,0.6092071967115937,197.1598,0.6089450896178471,197.1772,0.6098679838922828,197.8892,0.6092071967115937,199.8786,0.6094093945455397,208.6008,0.6089076207744172,213.0628,0.6090025853695727,211.2289,0.6094093945455397,207.7015,0.6089076207744172,207.2678,0.6090025853695727,208.7521
wine_quality,3,2578.1261,success,0.6015302839238987,197.4507,0.6018841128436404,197.1346,0.6022727019422379,200.6323,0.6015302839238987,202.3467,0.6018841128436404,201.7162,0.6022727019422379,202.7392,0.6000556372127128,213.8635,0.6012920723876493,212.641,0.600961660512119,216.1445,0.6000556372127128,197.5715,0.6012920723876493,214.4699,0.600961660512119,212.9222
wine_quality,4,2559.7965,success,0.6050734994102788,193.8936,0.6040106909295271,195.0786,0.6053714341510817,199.0332,0.6050734994102788,200.0583,0.6040106909295271,199.7221,0.6053714341510817,200.4907,0.6043842569759659,210.0797,0.6058022486641916,211.8122,0.6047566853408056,213.5581,0.6043842569759659,213.4512,0.6058022486641916,212.0852,0.6047566853408056,212.4068
Ailerons,0,11563.5139,success,0.00016018940378038807,883.5039,0.00016018688752831775,905.0054,0.00016008282792510294,902.7062,0.00016018940378038807,887.5999,0.00016018688752831775,896.4397,0.00016008282792510294,893.9203,0.00015930966979396977,1092.232,0.00015932488553309606,1029.7954,0.00015929808801909838,895.5383,0.00015930966979396977,807.4299,0.00015932488553309606,1041.7096,0.00015929808801909838,961.9487
Ailerons,1,10650.9269,success,0.000160249177188859,810.9176,0.00016033928543514106,821.2981,0.00016031217459064047,817.6358,0.000160249177188859,809.8056,0.00016033928543514106,816.3794,0.00016031217459064047,817.1172,0.00015963936746138073,1037.0352,0.00015965433768955453,1035.6651,0.0001594029745812043,830.1674,0.00015963936746138073,860.1033,0.00015965433768955453,800.0937,0.0001594029745812043,831.2992
Ailerons,2,11185.4694,success,0.00016106348008165946,885.5565,0.00016096518365058942,889.8474,0.00016115637259804974,890.5566,0.00016106348008165946,881.7182,0.00016096518365058942,905.2345,0.00016115637259804974,889.5879,0.00016028497325334845,1092.8228,0.0001603825653043967,1043.2819,0.00016014674145118434,920.0344,0.00016028497325334845,945.3364,0.0001603825653043967,755.0466,0.00016014674145118434,719.4741
Ailerons,3,11592.606,success,0.0001612236883696997,884.92,0.00016127404409508185,887.137,0.00016128849837084635,881.2849,0.0001612236883696997,882.9625,0.00016127404409508185,888.2846,0.00016128849837084635,886.8053,0.0001605174503372489,1094.2517,0.0001604824616307297,1014.1392,0.00016041421407626022,975.6598,0.0001605174503372489,938.7414,0.0001604824616307297,885.3856,0.00016041421407626022,1006.8273
Ailerons,4,11377.1522,success,0.0001607686367309907,880.2412,0.00016089090370696184,891.8591,0.0001608643457291832,890.0974,0.0001607686367309907,880.4688,0.00016089090370696184,889.0365,0.0001608643457291832,896.3268,0.00015926545955299672,1096.3516,0.00015935038101778527,1031.1244,0.00015962358354504154,1037.4661,0.00015926545955299672,858.8724,0.00015935038101778527,871.6001,0.00015962358354504154,788.8294
houses,0,8156.1341,success,0.22641982558068996,624.3908,0.22646893576996774,625.5768,0.2265622794398027,624.5978,0.22641982558068996,626.9091,0.22646893576996774,624.9801,0.2265622794398027,627.6559,0.23122446469415103,736.3654,0.23136666339868608,741.1562,0.23159105487686849,741.3449,0.23122446469415103,622.0299,0.23136666339868608,606.2366,0.23159105487686849,676.911
houses,1,7899.8975,success,0.22698574402776447,589.2648,0.22683554553009533,585.7908,0.2271055453739842,589.2528,0.22698574402776447,591.1114,0.22683554553009533,581.1825,0.2271055453739842,585.8825,0.23176393337252033,681.0639,0.2318104084118193,682.8095,0.23192416421513015,681.7571,0.23176393337252033,666.2484,0.2318104084118193,680.6807,0.23192416421513015,681.862
houses,2,7873.3798,success,0.2281002578549209,579.6253,0.22799214868635362,581.1327,0.2282495722141706,579.808,0.2281002578549209,577.8307,0.22799214868635362,580.0435,0.2282495722141706,583.5793,0.2330584391046356,680.0474,0.2333677094498053,681.9547,0.23340807298890107,681.3227,0.2330584391046356,680.3463,0.2333677094498053,680.8333,0.23340807298890107,683.3887
houses,3,7805.4524,success,0.22541126294994807,578.8141,0.2255496741496553,571.7749,0.22544712797402933,582.6639,0.22541126294994807,582.2469,0.2255496741496553,575.266,0.22544712797402933,580.5004,0.23085326826915,671.1597,0.23084359520189568,671.4886,0.23056045058482455,672.8682,0.23085326826915,672.4785,0.23084359520189568,670.2051,0.23056045058482455,672.4271
houses,4,8286.1285,success,0.22856604847415576,636.7581,0.22876663510003079,635.9483,0.2284900518105313,604.631,0.22856604847415576,631.0278,0.22876663510003079,635.2546,0.2284900518105313,637.7305,0.23241110959081857,714.9524,0.23258261482607426,726.8409,0.23239349804139084,728.3888,0.23241110959081857,685.839,0.23258261482607426,673.428,0.23239349804139084,671.2411
house_16H,0,16237.1268,success,0.5678809373857581,1478.6359,0.5682871126867218,1487.5243,0.5682161689779531,1486.7651,0.5678809373857581,1457.5328,0.5682871126867218,1485.3623,0.5682161689779531,1485.6644,0.5855597579525197,1508.5351,0.5855375164200834,1281.9851,0.5852991939796887,1012.5088,0.5855597579525197,1007.1685,0.5855375164200834,1010.1712,0.5852991939796887,1014.5209
house_16H,1,16068.3722,success,0.5727197639054343,1598.1871,0.5722802632433504,1608.3796,0.5724263299870912,1613.7695,0.5727197639054343,1586.237,0.5722802632433504,1468.5317,0.5724263299870912,1419.0837,0.5852649845550185,1066.0971,0.584023211790528,1143.4682,0.5855473607379587,1013.2092,0.5852649845550185,1006.437,0.584023211790528,1011.8203,0.5855473607379587,1009.9837
house_16H,2,15465.7827,success,0.5796189154682482,1480.7059,0.5778000817045393,1483.4922,0.5790371095424457,1486.3191,0.5796189154682482,1450.3249,0.5778000817045393,1362.1285,0.5790371095424457,1458.8883,0.5921558771771442,1022.7703,0.5921216701833877,1020.8401,0.5930863706631491,1114.3527,0.5921558771771442,1018.7684,0.5921216701833877,1022.6264,0.5930863706631491,1024.8441
house_16H,3,15653.8779,success,0.5738878934954456,1484.8548,0.5748053848043423,1478.7555,0.5719500990007882,1448.5203,0.5738878934954456,1492.085,0.5748053848043423,1484.0386,0.5719500990007882,1388.5804,0.5906766164124523,1108.0879,0.5923910668953393,1170.0146,0.5920694727772076,1019.2606,0.5906766164124523,1017.8037,0.5923910668953393,1018.3884,0.5920694727772076,1019.2569
house_16H,4,16138.2676,success,0.5766182398622396,1424.1485,0.5761038992636544,1429.1352,0.5774239614233928,1456.603,0.5766182398622396,1469.1341,0.5761038992636544,1372.7908,0.5774239614233928,1395.5329,0.5885266194215374,1509.3033,0.5889813248429371,1510.9116,0.5905604766450766,1013.0238,0.5885266194215374,1009.7936,0.5889813248429371,1010.4344,0.5905604766450766,1011.002
diamonds,0,14695.2441,success,0.24626088999988124,1084.8414,0.24666271754965166,1096.1768,0.24728065037393868,1090.7604,0.24626088999988124,1065.1585,0.24666271754965166,1072.3583,0.24728065037393868,1089.9008,0.2443492282482896,1404.6886,0.2443987125200844,1512.5688,0.24456742574106385,1508.6333,0.2443492282482896,1222.5378,0.2443987125200844,1014.2801,0.24456742574106385,1010.6025
diamonds,1,14313.3128,success,0.24701966580611256,1087.642,0.24723796493987238,1082.3268,0.24778189549286692,1079.8502,0.24701966580611256,1081.772,0.24723796493987238,1052.4903,0.24778189549286692,1060.4832,0.2445203757965769,1524.2078,0.24452075090728684,1521.6123,0.24463571001543125,1241.647,0.2445203757965769,1020.3996,0.24452075090728684,1017.6606,0.24463571001543125,1019.7167
diamonds,2,14717.8446,success,0.2462632755974413,1168.1116,0.24656151728190923,1180.1447,0.2471571504007527,1171.6369,0.2462632755974413,1170.3938,0.24656151728190923,1190.7253,0.2471571504007527,1113.7023,0.2444227967841125,1338.8861,0.24455984620812718,1288.1791,0.2444856459565196,1434.9923,0.2444227967841125,1161.7769,0.24455984620812718,994.6477,0.2444856459565196,991.9716
diamonds,3,14297.1085,success,0.24657561165268238,1071.678,0.24701852667125648,1085.6305,0.24759038845686732,1082.2899,0.24657561165268238,1086.8418,0.24701852667125648,1086.7743,0.24759038845686732,1051.2832,0.24469655726333964,1423.8719,0.24475822889466936,1482.8395,0.24480053966422388,1413.5836,0.24469655726333964,1000.6434,0.24475822889466936,1000.9525,0.24480053966422388,997.1131
diamonds,4,14253.1503,success,0.24563703649482313,1169.9448,0.24591678547965043,1172.5905,0.24643149201383852,1169.0006,0.24563703649482313,1177.7229,0.24591678547965043,1182.9155,0.24643149201383852,1088.3408,0.24403496666429714,1434.4058,0.2441752737829335,1197.0151,0.24430540272881898,1024.4806,0.24403496666429714,1115.7349,0.2441752737829335,1003.149,0.24430540272881898,1000.6947
Brazilian_houses,0,3400.2064,success,0.058165633771054714,241.4052,0.058496667492977016,241.1076,0.0589414409694003,238.0636,0.058165633771054714,240.0215,0.058496667492977016,241.6311,0.0589414409694003,244.4395,0.06695283722900748,303.0351,0.06805079278653929,303.1218,0.06919466379575602,306.5894,0.06695283722900748,303.9327,0.06805079278653929,310.3928,0.06919466379575602,308.0155
Brazilian_houses,1,3134.5411,success,0.07432901793609344,224.4488,0.07423461489771481,219.9917,0.07464564408655637,225.17,0.07432901793609344,223.3832,0.07423461489771481,222.9519,0.07464564408655637,222.8407,0.08024828441816625,281.6019,0.08154193436147049,281.8874,0.08328516142689395,281.9902,0.08024828441816625,278.9312,0.08154193436147049,277.2616,0.08328516142689395,281.6973
Brazilian_houses,2,3156.451,success,0.08319174700106917,223.0669,0.08235852134245653,222.2496,0.08144558197134788,223.0059,0.08319174700106917,220.4778,0.08235852134245653,221.5372,0.08144558197134788,221.666,0.08812536624830088,281.1069,0.08947156565810399,286.0773,0.0906189394828975,287.3249,0.08812536624830088,286.3566,0.08947156565810399,285.3647,0.0906189394828975,285.1647
Brazilian_houses,3,3244.0464,success,0.051283514456200115,229.7719,0.051658500770461496,212.9707,0.05202305353813887,240.9478,0.051283514456200115,239.7567,0.051658500770461496,241.3552,0.05202305353813887,227.2739,0.06029075427668984,303.6049,0.061231410483682525,304.0712,0.061797297365655555,302.8897,0.06029075427668984,278.2721,0.061231410483682525,270.1003,0.061797297365655555,271.6851
Brazilian_houses,4,3392.5329,success,0.05571035804232629,237.5646,0.05605252110471381,240.1103,0.05634414179232176,242.9137,0.05571035804232629,240.6675,0.05605252110471381,243.3584,0.05634414179232176,241.4821,0.0633311429919002,302.9001,0.0645811071971928,302.3935,0.06608764987885526,301.8966,0.0633311429919002,303.6204,0.0645811071971928,305.5152,0.06608764987885526,307.2981
Bike_Sharing_Demand,0,4271.7161,success,103.93458486527105,277.8413,104.04404214555471,275.3145,104.34158571775806,280.2177,103.93458486527105,280.118,104.04404214555471,278.4725,104.34158571775806,277.8228,103.37733315734214,404.4466,103.33839851855505,404.4045,103.38987164405914,404.4766,103.37733315734214,401.9565,103.33839851855505,392.1878,103.38987164405914,390.1986
Bike_Sharing_Demand,1,4310.1014,success,103.13027594598884,278.8966,103.40736986852772,279.5699,103.54490890022855,278.5907,103.13027594598884,275.5905,103.40736986852772,277.2079,103.54490890022855,279.643,102.62988965921069,409.0662,102.68333376142239,405.3049,102.7969499535097,406.3565,102.62988965921069,406.2992,102.68333376142239,402.4596,102.7969499535097,405.4467
Bike_Sharing_Demand,2,4632.0887,success,103.52426836996965,299.0835,103.7268432653824,303.1618,103.73594914184065,303.936,103.52426836996965,300.5877,103.7268432653824,302.0782,103.73594914184065,305.6421,102.90653346580537,434.4503,102.93755512342516,428.6345,102.98069638851604,438.5318,102.90653346580537,427.9005,102.93755512342516,433.3878,102.98069638851604,435.9761
Bike_Sharing_Demand,3,4262.3442,success,102.87920868880074,277.515,103.08613561163604,279.6689,103.28324690510203,280.2132,102.87920868880074,279.163,103.08613561163604,278.6429,103.28324690510203,278.2419,102.67593630870356,396.276,102.69843194769733,398.5527,102.73976209797245,398.7114,102.67593630870356,399.4313,102.69843194769733,398.7662,102.73976209797245,394.8815
Bike_Sharing_Demand,4,4631.1448,success,102.89385355889435,302.3113,102.9222872560369,303.7704,103.20715826260869,305.0978,102.89385355889435,304.192,102.9222872560369,303.7021,103.20715826260869,303.9529,102.32034084903898,420.7084,102.21947197877734,419.9378,102.44115185164041,435.4176,102.32034084903898,442.8262,102.21947197877734,436.2114,102.44115185164041,437.3143
house_sales,0,12193.7374,success,0.18284673545657923,943.1717,0.1828257787542936,944.1438,0.18296974685791154,959.2323,0.18284673545657923,945.4876,0.1828257787542936,948.9736,0.18296974685791154,942.4061,0.18415738662775505,1128.4625,0.1840311038687629,1129.8923,0.18424556327338282,956.4384,0.18415738662775505,1127.1252,0.1840311038687629,1086.8682,0.18424556327338282,753.6799
house_sales,1,12749.4353,success,0.18333319539130888,1031.5614,0.18330556970311,1028.5065,0.18351647171538918,1038.8464,0.18333319539130888,1038.9789,0.18330556970311,1040.1603,0.18351647171538918,1031.8245,0.18464747162096218,1138.3451,0.1846884989932882,1137.023,0.18474943444338843,1137.0047,0.18464747162096218,1132.4063,0.1846884989932882,900.0744,0.18474943444338843,759.1483
house_sales,2,11893.968,success,0.18362008994404813,1005.2171,0.18381956119340834,1020.1056,0.18377838188709505,1026.8443,0.18362008994404813,1022.5341,0.18381956119340834,1034.8697,0.18377838188709505,1022.8081,0.1852220010507389,1098.3131,0.18528010946761964,1035.0993,0.18526596354811872,921.5942,0.1852220010507389,825.7083,0.18528010946761964,799.569,0.18526596354811872,754.457
house_sales,3,12388.5016,success,0.1832980330591225,1036.0855,0.18339518768887664,1028.6707,0.18361717244031997,1039.682,0.1832980330591225,974.9061,0.18339518768887664,1029.31,0.18361717244031997,1028.7136,0.18496505747180247,1122.2301,0.184823884887983,1104.0283,0.18511449457904397,996.6669,0.18496505747180247,1142.0259,0.184823884887983,798.0246,0.18511449457904397,761.546
house_sales,4,12322.3649,success,0.18322683767938833,1033.8379,0.18323570687636234,1034.5206,0.18327624184783517,1041.979,0.18322683767938833,1032.9122,0.18323570687636234,985.4918,0.18327624184783517,978.3675,0.18490640842036002,1130.8062,0.1848847052042103,1130.0356,0.184884370256845,1131.4691,0.18490640842036002,954.0876,0.1848847052042103,750.9721,0.184884370256845,789.8579
sulfur,0,2917.8574,success,0.018385430504121242,202.6139,0.01848594969299115,202.574,0.018505203399782028,202.7902,0.018385430504121242,195.4817,0.01848594969299115,198.0774,0.018505203399782028,197.4396,0.018293684358420673,264.5792,0.018327860990758588,265.439,0.018476893390526425,265.2948,0.018293684358420673,263.1826,0.018327860990758588,264.7904,0.018476893390526425,257.5548
sulfur,1,2946.1442,success,0.019871841274270833,202.7745,0.01997069059507946,202.7325,0.02008099477895729,203.3164,0.019871841274270833,199.2188,0.01997069059507946,194.6985,0.02008099477895729,203.9495,0.01923643695911273,263.9735,0.01915931941809319,267.6758,0.019156281493802812,267.2253,0.01923643695911273,266.6743,0.01915931941809319,267.2687,0.019156281493802812,267.1913
sulfur,2,3171.9978,success,0.02047888458976281,220.8593,0.020416866968840267,222.1332,0.020542441964449088,218.381,0.02047888458976281,222.8187,0.020416866968840267,220.6997,0.020542441964449088,220.1207,0.020387625103311265,278.7777,0.020365307080018148,284.2792,0.020368610300226807,281.556,0.020387625103311265,285.5769,0.020365307080018148,285.405,0.020368610300226807,283.8935
sulfur,3,3172.0497,success,0.019317410527375085,217.6305,0.019351626674845846,219.6478,0.019459490206616623,219.4821,0.019317410527375085,218.7068,0.019351626674845846,219.415,0.019459490206616623,223.8031,0.01873664819131966,285.2233,0.018806726918375292,282.8251,0.018836687554951066,283.8654,0.01873664819131966,283.2638,0.018806726918375292,282.7528,0.018836687554951066,287.3896
sulfur,4,3211.4137,success,0.019167382008064685,219.3273,0.019061347634288694,219.429,0.01907702634986595,223.7183,0.019167382008064685,219.5565,0.019061347634288694,222.443,0.01907702634986595,223.0281,0.01873481275918636,289.2934,0.01875630724665526,291.3697,0.01874958071937644,289.4993,0.01873481275918636,287.9578,0.01875630724665526,285.7584,0.01874958071937644,289.7787
medical_charges,0,25676.0294,success,0.09208342824863575,2256.5469,0.09382902408579695,2134.599,0.09576968381919693,2028.993,0.09208342824863575,1692.0288,0.09382902408579695,1407.0846,0.09576968381919693,1402.8718,0.08478843889004373,2152.2731,0.0850413225640606,2142.2892,0.0851516503023675,2138.2732,0.08478843889004373,2628.9889,0.0850413225640606,2434.8051,0.0851516503023675,2132.6695
medical_charges,1,26085.7859,success,0.09124062995665287,2123.2946,0.09292866769257979,2095.3006,0.09505935245686192,2112.8243,0.09124062995665287,2069.0849,0.09292866769257979,1421.9907,0.09505935245686192,1422.6344,0.08442831197930216,2160.7045,0.08465588923111227,2172.9297,0.08485265020938222,2164.2552,0.08442831197930216,2826.3725,0.08465588923111227,2226.5371,0.08485265020938222,2163.9876
medical_charges,2,25084.2283,success,0.09202634015821326,2114.1083,0.09399794673476558,2033.1354,0.09613601648235855,1831.7499,0.09202634015821326,1597.5323,0.09399794673476558,1417.0523,0.09613601648235855,1406.1538,0.08483348300559791,2146.2617,0.08505200247006693,2130.8864,0.08530440446149763,2129.0069,0.08483348300559791,2577.3166,0.08505200247006693,2440.0755,0.08530440446149763,2127.0089
medical_charges,3,26108.0536,success,0.09198352491469741,2120.0015,0.09392615525472071,2112.7323,0.09600416992263146,2106.3361,0.09198352491469741,1914.9969,0.09392615525472071,1420.2795,0.09600416992263146,1422.543,0.0844125466995524,2194.474,0.0846226744231899,2191.8677,0.08481620628835496,2187.6801,0.0844125466995524,2937.3371,0.0846226744231899,2181.8006,0.08481620628835496,2181.5366
medical_charges,4,25746.7633,success,0.09097205455857423,2277.5384,0.09272008681363071,2159.9076,0.09492270599617242,2100.4474,0.09097205455857423,1504.3185,0.09272008681363071,1418.9538,0.09492270599617242,1443.3167,0.08441970466445568,2170.5143,0.08458411366595803,2154.1049,0.08477389938345552,2152.0218,0.08441970466445568,2861.1302,0.08458411366595803,2215.8533,0.08477389938345552,2160.7187
MiamiHousing2016,0,7469.8449,success,0.15703545157407447,680.2131,0.15734370647271134,686.4976,0.15735828339478877,680.5755,0.15703545157407447,673.6717,0.15734370647271134,630.7543,0.15735828339478877,626.2037,0.15885445655689318,590.4675,0.15871526918692114,475.9552,0.1586149263498735,461.8118,0.15885445655689318,524.5279,0.15871526918692114,607.9801,0.1586149263498735,504.7538
MiamiHousing2016,1,7626.1215,success,0.1571637925896797,689.5033,0.15711918783588621,673.4142,0.15709414786898324,685.2072,0.1571637925896797,672.5431,0.15711918783588621,533.1941,0.15709414786898324,612.9976,0.15864570899165545,636.3602,0.15840310171242847,637.7626,0.1587214350033754,639.2792,0.15864570899165545,638.5243,0.15840310171242847,565.2757,0.1587214350033754,425.5719
MiamiHousing2016,2,7538.4572,success,0.15679248506515384,625.4491,0.15670184493621922,623.1249,0.15662016283285773,626.5789,0.15679248506515384,622.2699,0.15670184493621922,624.3881,0.15662016283285773,626.5561,0.1576341114555591,625.8427,0.15770252409283236,626.9008,0.1576611636047955,628.3023,0.1576341114555591,626.892,0.15770252409283236,627.3266,0.1576611636047955,437.8209
MiamiHousing2016,3,6934.7573,success,0.15843543226664505,618.7471,0.15867082420690484,625.6105,0.15833080184794288,626.0351,0.15843543226664505,622.7794,0.15867082420690484,626.1859,0.15833080184794288,624.9308,0.15947240698682247,599.5018,0.1592910998614292,500.0892,0.15928100596554154,459.5725,0.15947240698682247,581.9013,0.1592910998614292,415.5661,0.15928100596554154,417.7037
MiamiHousing2016,4,6926.9222,success,0.15691174828771107,618.7763,0.15696992309579602,624.5541,0.15678355777769354,626.4386,0.15691174828771107,621.6924,0.15696992309579602,623.096,0.15678355777769354,575.4489,0.15799497352086864,484.7255,0.1580348137185884,630.5905,0.15831422678324086,631.1974,0.15799497352086864,435.6179,0.1580348137185884,419.3889,0.15831422678324086,419.8558
california,0,7364.7469,success,0.14063715149025693,621.5262,0.1409770915041299,635.7505,0.14123241455527047,599.5087,0.14063715149025693,524.4558,0.1409770915041299,584.7573,0.14123241455527047,580.2848,0.14266376147801796,600.2859,0.14285769285368946,597.0832,0.14331502699967155,682.248,0.14266376147801796,689.796,0.14285769285368946,591.4166,0.14331502699967155,454.1049
california,1,7179.4141,success,0.1417080980302444,636.0856,0.14169275094944966,634.7261,0.14190113982077746,592.7817,0.1417080980302444,586.8036,0.14169275094944966,587.4483,0.14190113982077746,588.7766,0.14337671577407,683.2339,0.14359302116781933,683.1076,0.14401227761050509,617.3499,0.14337671577407,455.1812,0.14359302116781933,453.3264,0.14401227761050509,455.7942
california,2,7060.8515,success,0.14120119555814267,585.8937,0.14141799446044775,525.8401,0.141806342582468,481.6307,0.14120119555814267,584.6253,0.14141799446044775,585.2325,0.141806342582468,585.9044,0.1436573890407983,686.6482,0.14372641481781998,687.4138,0.1443370182312976,660.8633,0.1436573890407983,497.7073,0.14372641481781998,517.3476,0.1443370182312976,457.9554
california,3,6519.0195,success,0.14059281975346405,620.1762,0.14055045076175474,589.1284,0.14083028504393383,519.678,0.14059281975346405,586.9095,0.14055045076175474,587.0712,0.14083028504393383,494.9795,0.14255969913652486,545.7474,0.14257445989610842,498.6321,0.1431080797520258,458.7747,0.14255969913652486,453.993,0.14257445989610842,506.5403,0.1431080797520258,453.9184
california,4,6731.3998,success,0.14201007840341515,619.9039,0.1420673658870845,587.8237,0.14242358448499734,588.5923,0.14201007840341515,590.2078,0.1420673658870845,586.3394,0.14242358448499734,589.2756,0.14326669811987278,677.8296,0.1435897000058665,481.4128,0.14409366741171492,450.6696,0.14326669811987278,450.2982,0.1435897000058665,450.654,0.14409366741171492,454.481
fifa,0,4264.215,success,0.7967267051829013,340.3823,0.7971234631656804,323.0112,0.7984083729083818,319.3603,0.7967267051829013,318.104,0.7971234631656804,318.5458,0.7984083729083818,319.7184,0.8123753693126848,368.6487,0.8137502576925053,369.0579,0.8160099286055914,321.5639,0.8123753693126848,367.2238,0.8137502576925053,367.2052,0.8160099286055914,368.7933
fifa,1,4281.7242,success,0.7940617473028854,320.1225,0.7946670309593064,318.4683,0.7954423340444609,319.8351,0.7940617473028854,319.3076,0.7946670309593064,319.6873,0.7954423340444609,320.2427,0.8086184767295297,366.4992,0.8101602644592668,366.6258,0.8120885520097804,367.3393,0.8086184767295297,365.505,0.8101602644592668,366.6159,0.8120885520097804,368.0126
fifa,2,4142.471,success,0.7952600325291068,310.7193,0.7959337783111518,316.4968,0.797119411949368,282.6124,0.7952600325291068,266.1536,0.7959337783111518,317.2008,0.797119411949368,318.0822,0.8129715199119062,363.1892,0.8148858018670931,363.2475,0.8167371028691868,356.9536,0.8129715199119062,361.5302,0.8148858018670931,361.635,0.8167371028691868,363.8358
fifa,3,3891.3575,success,0.793793807470248,316.967,0.7943217805735264,316.3984,0.7945769410402906,317.1604,0.793793807470248,229.7765,0.7943217805735264,288.3945,0.7945769410402906,305.5265,0.8122684350391927,284.0765,0.8153849645637683,244.1737,0.8169533152508568,329.1158,0.8122684350391927,365.8441,0.8153849645637683,366.0085,0.8169533152508568,366.3011
fifa,4,4078.0346,success,0.7937553517696486,318.4731,0.7948497065672956,318.6967,0.795508102024276,318.8296,0.7937553517696486,317.7974,0.7948497065672956,270.3045,0.795508102024276,213.6266,0.8099532443320835,312.7356,0.8113617441383503,375.7779,0.8130537718012197,373.014,0.8099532443320835,361.2119,0.8113617441383503,360.5489,0.8130537718012197,374.8012
