classification_name,tablename,feature_type,model_type,metric_type,dataset_rows,dataset_columns,avg_score,std_score,avg_time_taken
AEON-TSC,ACSF1,Continuous,et,Accuracy,200,1460,0.8,0.012247448713915901,0.2851
AEON-TSC,ACSF1,Continuous,rf,Accuracy,200,1460,0.774,0.025099800796022288,0.5433600000000001
AEON-TSC,ACSF1,Continuous,rotf,Accuracy,200,1460,0.828,0.03346640106136304,45.28132
AEON-TSC,Adiac,Continuous,et,Accuracy,781,176,0.6450126,0.010606653586310754,0.40990000000000004
AEON-TSC,Adiac,Continuous,rf,Accuracy,781,176,0.6363172,0.01631613266678108,1.12328
AEON-TSC,Adiac,Continuous,rotf,Accuracy,781,176,0.7800512,0.010698849854073081,22.15972
AEON-TSC,ArrowHead,Continuous,et,Accuracy,211,251,0.7245714,0.006259647258432375,0.20522
AEON-TSC,ArrowHead,Continuous,rf,Accuracy,211,251,0.7074286,0.02896871782285161,0.27416
AEON-TSC,ArrowHead,Continuous,rotf,Accuracy,211,251,0.7462856,0.0065152693574403,5.64034
AEON-TSC,BME,Continuous,et,Accuracy,180,128,0.9560000000000001,0.005962754774430979,0.19632
AEON-TSC,BME,Continuous,rf,Accuracy,180,128,0.9800000000000001,0.0066669999999999785,0.28028
AEON-TSC,BME,Continuous,rotf,Accuracy,180,128,0.9933332,0.008164965811318524,3.0172
AEON-TSC,Beef,Continuous,et,Accuracy,60,470,0.7133331999999999,0.01825723600931975,0.2003
AEON-TSC,Beef,Continuous,rf,Accuracy,60,470,0.7533334,0.03800594982762571,0.3099
AEON-TSC,Beef,Continuous,rotf,Accuracy,60,470,0.8466666,0.018257783731877177,11.25306
AEON-TSC,BeetleFly,Continuous,et,Accuracy,40,512,0.79,0.041833001326703784,0.18246
AEON-TSC,BeetleFly,Continuous,rf,Accuracy,40,512,0.86,0.05477225575051658,0.26776
AEON-TSC,BeetleFly,Continuous,rotf,Accuracy,40,512,0.8800000000000001,0.05700877125495685,10.68034
AEON-TSC,BirdChicken,Continuous,et,Accuracy,40,512,0.62,0.04472135954999579,0.17884
AEON-TSC,BirdChicken,Continuous,rf,Accuracy,40,512,0.7699999999999999,0.07582875444051551,0.26142
AEON-TSC,BirdChicken,Continuous,rotf,Accuracy,40,512,0.8699999999999999,0.04472135954999579,11.21844
AEON-TSC,CBF,Continuous,et,Accuracy,930,128,0.9244443999999999,0.008678307715217303,0.18462
AEON-TSC,CBF,Continuous,rf,Accuracy,930,128,0.8844443999999999,0.011837529252339787,0.26362
AEON-TSC,CBF,Continuous,rotf,Accuracy,930,128,0.93,0.012222181822407977,3.29308
AEON-TSC,Car,Continuous,et,Accuracy,120,577,0.7133331999999999,0.027386158304881,0.21858
AEON-TSC,Car,Continuous,rf,Accuracy,120,577,0.6733336,0.01490697077880008,0.32692
AEON-TSC,Car,Continuous,rotf,Accuracy,120,577,0.8066666,0.019002952988943604,14.455160000000001
AEON-TSC,Chinatown,Continuous,et,Accuracy,363,24,0.9772594,0.0024393420834315288,0.17848
AEON-TSC,Chinatown,Continuous,rf,Accuracy,363,24,0.9807577999999999,0.0026076465826488384,0.25032
AEON-TSC,Chinatown,Continuous,rotf,Accuracy,363,24,0.9848397999999999,0.0013040748444778905,0.7008599999999999
AEON-TSC,ChlorineConcentration,Continuous,et,Accuracy,4307,166,0.7283332,0.001835975272164634,0.45598
AEON-TSC,ChlorineConcentration,Continuous,rf,Accuracy,4307,166,0.711198,0.0028940285935007905,1.34482
AEON-TSC,ChlorineConcentration,Continuous,rotf,Accuracy,4307,166,0.8900002,0.004747154905835723,15.5554
AEON-TSC,CinCECGTorso,Continuous,et,Accuracy,1420,1639,0.7842028,0.013316518978321663,0.30558
AEON-TSC,CinCECGTorso,Continuous,rf,Accuracy,1420,1639,0.7288403999999999,0.010393010093327127,0.42916
AEON-TSC,CinCECGTorso,Continuous,rotf,Accuracy,1420,1639,0.6398552000000001,0.01116746863438621,43.88782
AEON-TSC,Coffee,Continuous,et,Accuracy,56,286,0.9928571999999999,0.015971786349685508,0.18406
AEON-TSC,Coffee,Continuous,rf,Accuracy,56,286,0.9857144,0.019561363418739517,0.27472
AEON-TSC,Coffee,Continuous,rotf,Accuracy,56,286,0.9857144,0.019561363418739517,6.08996
AEON-TSC,Computers,Continuous,et,Accuracy,500,720,0.5871999999999999,0.012457929201917961,0.40372
AEON-TSC,Computers,Continuous,rf,Accuracy,500,720,0.6208,0.008671793355471517,0.9273199999999999
AEON-TSC,Computers,Continuous,rotf,Accuracy,500,720,0.6624000000000001,0.007266360849833984,30.49178
AEON-TSC,CricketX,Continuous,et,Accuracy,780,300,0.6128205999999999,0.018667060261326644,0.46298000000000006
AEON-TSC,CricketX,Continuous,rf,Accuracy,780,300,0.5630767999999999,0.015234237713124954,1.10982
AEON-TSC,CricketX,Continuous,rotf,Accuracy,780,300,0.5969232,0.013495151933194371,27.39178
AEON-TSC,CricketY,Continuous,et,Accuracy,780,300,0.62,0.012613608643049003,0.44054000000000004
AEON-TSC,CricketY,Continuous,rf,Accuracy,780,300,0.596923,0.0245539852569802,1.0427
AEON-TSC,CricketY,Continuous,rotf,Accuracy,780,300,0.5984613999999999,0.017820144620625294,27.132619999999996
AEON-TSC,CricketZ,Continuous,et,Accuracy,780,300,0.626154,0.01063393647714713,0.43922
AEON-TSC,CricketZ,Continuous,rf,Accuracy,780,300,0.5748718,0.01645830585752984,1.12304
AEON-TSC,CricketZ,Continuous,rotf,Accuracy,780,300,0.6128204,0.008882461725220111,28.18094
AEON-TSC,DiatomSizeReduction,Continuous,et,Accuracy,322,345,0.9379086000000001,0.009803583339779346,0.19294
AEON-TSC,DiatomSizeReduction,Continuous,rf,Accuracy,322,345,0.9045754,0.014131974695703344,0.2673
AEON-TSC,DiatomSizeReduction,Continuous,rotf,Accuracy,322,345,0.9366014,0.012782417466973922,7.84362
AEON-TSC,DistalPhalanxOutlineAgeGroup,Continuous,et,Accuracy,539,80,0.7726620000000001,0.014918302266008713,0.25926
AEON-TSC,DistalPhalanxOutlineAgeGroup,Continuous,rf,Accuracy,539,80,0.7726618000000001,0.014918229928513618,0.5048199999999999
AEON-TSC,DistalPhalanxOutlineAgeGroup,Continuous,rotf,Accuracy,539,80,0.7553956,0.01970203683125172,4.02238
AEON-TSC,DistalPhalanxOutlineCorrect,Continuous,et,Accuracy,876,80,0.7782606,0.008650233742506624,0.33078
AEON-TSC,DistalPhalanxOutlineCorrect,Continuous,rf,Accuracy,876,80,0.772464,0.008262215441393406,0.8214
AEON-TSC,DistalPhalanxOutlineCorrect,Continuous,rotf,Accuracy,876,80,0.7869566,0.006968979645543491,6.39424
AEON-TSC,DistalPhalanxTW,Continuous,et,Accuracy,539,80,0.6992806,0.009380250252525304,0.25376000000000004
AEON-TSC,DistalPhalanxTW,Continuous,rf,Accuracy,539,80,0.684892,0.007881042951285028,0.53174
AEON-TSC,DistalPhalanxTW,Continuous,rotf,Accuracy,539,80,0.7035967999999999,0.016405348326079493,4.42398
AEON-TSC,ECG200,Continuous,et,Accuracy,200,96,0.884,0.013416407864998753,0.18439999999999998
AEON-TSC,ECG200,Continuous,rf,Accuracy,200,96,0.8140000000000001,0.011401754250991311,0.2771
AEON-TSC,ECG200,Continuous,rotf,Accuracy,200,96,0.858,0.01303840481040532,2.52712
AEON-TSC,ECG5000,Continuous,et,Accuracy,5000,140,0.9372,0.0007129144408692861,0.31256
AEON-TSC,ECG5000,Continuous,rf,Accuracy,5000,140,0.9365334000000001,0.0007947963890204771,0.7269
AEON-TSC,ECG5000,Continuous,rotf,Accuracy,5000,140,0.9394224,0.0008833005151136143,9.30914
AEON-TSC,ECGFiveDays,Continuous,et,Accuracy,884,136,0.7865274,0.016206220250261943,0.19248
AEON-TSC,ECGFiveDays,Continuous,rf,Accuracy,884,136,0.8053426,0.015486715865541009,0.26280000000000003
AEON-TSC,ECGFiveDays,Continuous,rotf,Accuracy,884,136,0.9033680000000001,0.012357220379195321,3.42076
AEON-TSC,EOGHorizontalSignal,Continuous,et,Accuracy,724,1250,0.5049724,0.006878408885781647,0.6306200000000001
AEON-TSC,EOGHorizontalSignal,Continuous,rf,Accuracy,724,1250,0.471823,0.016735039871479247,1.6046400000000003
AEON-TSC,EOGHorizontalSignal,Continuous,rotf,Accuracy,724,1250,0.46132619999999996,0.014486195487428721,87.91568
AEON-TSC,EOGVerticalSignal,Continuous,et,Accuracy,724,1250,0.4414364,0.005988657470585562,0.66378
AEON-TSC,EOGVerticalSignal,Continuous,rf,Accuracy,724,1250,0.39613240000000005,0.013617457941921464,1.7010200000000002
AEON-TSC,EOGVerticalSignal,Continuous,rotf,Accuracy,724,1250,0.414917,0.008603677091802094,94.34783999999999
AEON-TSC,Earthquakes,Continuous,et,Accuracy,461,512,0.748201,0.0,0.31786
AEON-TSC,Earthquakes,Continuous,rf,Accuracy,461,512,0.748201,0.0,0.90276
AEON-TSC,Earthquakes,Continuous,rotf,Accuracy,461,512,0.7568346,0.006019290805402234,22.360120000000002
AEON-TSC,EthanolLevel,Continuous,et,Accuracy,1004,1751,0.4864,0.010807404868885049,0.99482
AEON-TSC,EthanolLevel,Continuous,rf,Accuracy,1004,1751,0.4824,0.008763560920082663,2.7081600000000003
AEON-TSC,EthanolLevel,Continuous,rotf,Accuracy,1004,1751,0.7208,0.008318653737234182,122.8477
AEON-TSC,FaceAll,Continuous,et,Accuracy,2250,131,0.7543196,0.008319935835089116,0.43714
AEON-TSC,FaceAll,Continuous,rf,Accuracy,2250,131,0.807929,0.027425860989219647,1.07964
AEON-TSC,FaceAll,Continuous,rotf,Accuracy,2250,131,0.8175148,0.010589954848817834,17.396179999999998
AEON-TSC,FaceFour,Continuous,et,Accuracy,112,350,0.8545453999999999,0.025913402754173396,0.18656
AEON-TSC,FaceFour,Continuous,rf,Accuracy,112,350,0.8204546,0.048478851784051154,0.2839
AEON-TSC,FaceFour,Continuous,rotf,Accuracy,112,350,0.8977272,0.0461594937548063,7.79648
AEON-TSER,AluminiumConcentration,Continuous,et,RMSE,629,2542,0.9931872528716484,0.0038380195003097483,47.98908
AEON-TSER,AluminiumConcentration,Continuous,rf,RMSE,629,2542,0.9914158042694456,0.008920367462299128,131.84967999999998
AEON-TSER,AluminiumConcentration,Continuous,rotf,RMSE,629,1271,0.7752046320086853,0.012119312323392136,148.94786
AEON-TSER,AppliancesEnergy,Continuous,et,RMSE,137,3456,0.9841221533504999,0.014458356151974541,12.351989999999999
AEON-TSER,AppliancesEnergy,Continuous,rf,RMSE,137,3456,0.9101567623952361,0.0083655497052253,25.109389999999998
AEON-TSER,AppliancesEnergy,Continuous,rotf,RMSE,137,1152,0.6377177794828327,0.019298532482891217,36.62447
AEON-TSER,BIDMC32HR,Continuous,et,RMSE,7949,8000,0.9941246929327644,0.004379463835768284,2542.86166
AEON-TSER,BIDMC32HR,Continuous,rf,RMSE,7949,8000,0.9893456472727303,0.0010121711724948733,6287.2245
AEON-TSER,BIDMC32HR,Continuous,rotf,RMSE,7949,1000,0.9466915269767547,0.004277693489380071,1783.07699
AEON-TSER,BIDMC32RR,Continuous,et,RMSE,7870,8000,0.9863134150835441,0.0018870468113323263,2621.10923
AEON-TSER,BIDMC32RR,Continuous,rf,RMSE,7870,8000,0.9767270952538061,0.0017893809394787824,6774.78937
AEON-TSER,BIDMC32RR,Continuous,rotf,RMSE,7870,1000,0.996057589242759,0.0030312054271529366,1858.8312300000002
AEON-TSER,BIDMC32SpO2,Continuous,et,RMSE,7949,8000,0.9966478236180704,0.0020176281547993214,1932.7571400000002
AEON-TSER,BIDMC32SpO2,Continuous,rf,RMSE,7949,8000,0.9952391870256744,0.0022843382714017426,5601.5702
AEON-TSER,BIDMC32SpO2,Continuous,rotf,RMSE,7949,1000,0.9915863566525968,0.0010731172737491023,1565.44228
AEON-TSER,BarCrawl6min,Continuous,et,RMSE,201,1080,0.9819605399792316,0.01374058671313871,4.307840000000001
AEON-TSER,BarCrawl6min,Continuous,rf,RMSE,201,1080,0.9758255451713396,0.008613793230363126,6.34764
AEON-TSER,BarCrawl6min,Continuous,rotf,RMSE,201,1080,0.9745711318795431,0.02171354511917705,48.2274
AEON-TSER,BeijingIntAirportPM25Quality,Continuous,et,RMSE,1571,144,0.9927172313973127,0.007133147722747969,5.17936
AEON-TSER,BeijingIntAirportPM25Quality,Continuous,rf,RMSE,1571,144,0.9648066492841322,0.007438940253093822,9.300920000000001
AEON-TSER,BeijingIntAirportPM25Quality,Continuous,rotf,RMSE,1571,144,0.9406758243115286,0.009060554213139302,20.398500000000002
AEON-TSER,BenzeneConcentration,Continuous,et,RMSE,8512,1920,0.49757678410346073,0.023447091674002038,280.80366
AEON-TSER,BenzeneConcentration,Continuous,rf,RMSE,8512,1920,0.4350279477229263,0.005574069994137049,842.5685799999999
AEON-TSER,BenzeneConcentration,Continuous,rotf,RMSE,8512,1920,0.9541671517823065,0.029845154275621434,2547.40542
AEON-TSER,BinanceCoinSentiment,Continuous,et,RMSE,263,48,0.9714726583955742,0.005669241549945075,0.5425800000000001
AEON-TSER,BinanceCoinSentiment,Continuous,rf,RMSE,263,48,0.9919773045147482,0.005813974901387587,1.2363199999999999
AEON-TSER,BinanceCoinSentiment,Continuous,rotf,RMSE,263,48,0.9726884070691227,0.018390508890535177,2.0919600000000003
AEON-TSER,BitcoinSentiment,Continuous,et,RMSE,332,48,0.9598386848715801,0.0068917197623038235,0.64068
AEON-TSER,BitcoinSentiment,Continuous,rf,RMSE,332,48,0.9915753857721423,0.007069330288867533,1.4660600000000001
AEON-TSER,BitcoinSentiment,Continuous,rotf,RMSE,332,48,0.9604965908508347,0.010375659172863316,2.2703800000000003
AEON-TSER,BoronConcentration,Continuous,et,RMSE,626,2542,0.6006559314856775,0.045718406962124696,40.70334
AEON-TSER,BoronConcentration,Continuous,rf,RMSE,626,2542,0.9148340531321828,0.07885552484514649,166.19018
AEON-TSER,BoronConcentration,Continuous,rotf,RMSE,626,1271,0.32511273405956226,0.018216043568464377,139.84516
AEON-TSER,CalciumConcentration,Continuous,et,RMSE,635,2307,0.9743307811955566,0.031130363976971897,44.41748
AEON-TSER,CalciumConcentration,Continuous,rf,RMSE,635,2307,0.9010009831646727,0.019366878328749886,152.321
AEON-TSER,CalciumConcentration,Continuous,rotf,RMSE,635,1153,0.5614353586829475,0.01749197533006129,116.17178000000001
AEON-TSER,CardanoSentiment,Continuous,et,RMSE,107,48,0.9700372058208396,0.01706896012128178,0.2968
AEON-TSER,CardanoSentiment,Continuous,rf,RMSE,107,48,0.9563348964181142,0.02340989860914669,0.5165
AEON-TSER,CardanoSentiment,Continuous,rotf,RMSE,107,48,0.9635043291472855,0.024103703359417722,1.34716
AEON-TSER,ChilledWaterPredictor,Continuous,et,RMSE,459,672,0.6742294928330164,0.0326041441662822,8.53992
AEON-TSER,ChilledWaterPredictor,Continuous,rf,RMSE,459,672,0.8938480604645076,0.07216691197232769,21.40764
AEON-TSER,ChilledWaterPredictor,Continuous,rotf,RMSE,459,672,0.5927059035323773,0.021748157255524314,48.30224
AEON-TSER,CopperConcentration,Continuous,et,RMSE,629,2542,0.9914387661350753,0.006451604182529376,43.74886
AEON-TSER,CopperConcentration,Continuous,rf,RMSE,629,2542,0.9610694760027473,0.01157874063034923,132.73962
AEON-TSER,CopperConcentration,Continuous,rotf,RMSE,629,1271,0.8944104740956341,0.011849403875833229,100.48017999999999
AEON-TSER,Covid19Andalusia,Continuous,et,RMSE,204,91,0.8335769980506823,0.012506004085854817,0.64916
AEON-TSER,Covid19Andalusia,Continuous,rf,RMSE,204,91,0.9755238791423002,0.027701373851196823,1.3699400000000002
AEON-TSER,Covid19Andalusia,Continuous,rotf,RMSE,204,91,0.95625,0.036460722573859315,3.0765000000000002
AEON-TSER,Covid3Month,Continuous,et,RMSE,201,84,0.9840279466713835,0.012060553527134458,0.36436
AEON-TSER,Covid3Month,Continuous,rf,RMSE,201,84,0.9297972539742201,0.017364632084296453,0.49940999999999997
AEON-TSER,Covid3Month,Continuous,rotf,RMSE,201,84,0.9688518428441929,0.010504977848875179,2.2454
AEON-TSER,DailyOilGasPrices,Continuous,et,RMSE,191,60,0.8581776067691766,0.023882337982997798,0.46816
AEON-TSER,DailyOilGasPrices,Continuous,rf,RMSE,191,60,0.9062227786761321,0.027201986285899937,0.94018
AEON-TSER,DailyOilGasPrices,Continuous,rotf,RMSE,191,60,0.9738029377061197,0.032921891692953155,1.9815
AEON-TSER,FloodModeling1,Continuous,et,RMSE,673,266,0.8520642489647383,0.008056496371916059,6.294420000000001
AEON-TSER,FloodModeling1,Continuous,rf,RMSE,673,266,0.994804868866859,0.00535166162372103,11.41174
AEON-TSER,FloodModeling1,Continuous,rotf,RMSE,673,266,0.9282595055841385,0.011325056685801162,27.038279999999997
AEON-TSER,FloodModeling2,Continuous,et,RMSE,667,266,0.9988930087592024,0.0013286303291078303,3.14544
AEON-TSER,FloodModeling2,Continuous,rf,RMSE,667,266,0.7590198291149444,0.01636486334423521,12.25842
AEON-TSER,FloodModeling2,Continuous,rotf,RMSE,667,266,0.7134934709011768,0.07088031946885455,30.699
AEON-TSER,FloodModeling3,Continuous,et,RMSE,613,266,0.8985134084725999,0.003391317355815607,4.81352
AEON-TSER,FloodModeling3,Continuous,rf,RMSE,613,266,0.9924407306645937,0.00545342426301412,10.09972
AEON-TSER,FloodModeling3,Continuous,rotf,RMSE,613,266,0.9415176836377768,0.004925614817496215,22.96952
AEON-TSER,HouseholdPowerConsumption1,Continuous,et,RMSE,1431,7200,0.9550393879186382,0.004887485280881678,193.90302000000003
AEON-TSER,HouseholdPowerConsumption1,Continuous,rf,RMSE,1431,7200,0.9920225550308363,0.006191720621194595,314.72942
AEON-TSER,HouseholdPowerConsumption1,Continuous,rotf,RMSE,1431,1028,0.8632920553446721,0.007080034755763088,134.87028
AEON-TSER,HouseholdPowerConsumption2,Continuous,et,RMSE,1431,7200,0.9816872044160132,0.0031502267534188346,211.62456000000003
AEON-TSER,HouseholdPowerConsumption2,Continuous,rf,RMSE,1431,7200,0.9944368672364401,0.004177251470121808,338.71828
AEON-TSER,HouseholdPowerConsumption2,Continuous,rotf,RMSE,1431,1028,0.95161019503744,0.0027578953654058395,148.03052
AEON-TSER,IEEEPPG,Continuous,et,RMSE,3096,5000,0.9403425394068178,0.00558153201814256,431.77352
AEON-TSER,IEEEPPG,Continuous,rf,RMSE,3096,5000,0.9380772405005313,0.004960947221154899,1109.97804
AEON-TSER,IEEEPPG,Continuous,rotf,RMSE,3096,1000,0.984060006116138,0.010105521396334955,487.79426
AEON-TSER,LiveFuelMoistureContent,Continuous,et,RMSE,5003,2555,0.9981984297918471,0.0015894819393046323,548.4255
AEON-TSER,LiveFuelMoistureContent,Continuous,rf,RMSE,5003,2555,0.9827627671761487,0.001636240735425249,2001.8979
AEON-TSER,LiveFuelMoistureContent,Continuous,rotf,RMSE,5003,1277,0.9933860919972568,0.002004392518124813,1717.88628
OpenML-297,Ailerons,Continuous,et,RMSE,13750,33,0.9975903614457831,0.0032995334789467706,14.89494
OpenML-297,Ailerons,Continuous,rf,RMSE,13750,33,0.9783132530120483,0.003299533478946748,25.28612
OpenML-297,Ailerons,Continuous,rotf,RMSE,13750,33,0.9795180722891565,0.0032995334789467597,42.48904
OpenML-297,Brazilian_houses,Continuous,et,RMSE,10692,8,0.8853102086858433,0.01856115045882271,4.3751999999999995
OpenML-297,Brazilian_houses,Continuous,rf,RMSE,10692,8,0.9976410039481106,0.0022417998163595026,6.83464
OpenML-297,Brazilian_houses,Continuous,rotf,RMSE,10692,8,0.7864072194021433,0.02678343734611926,11.34444
OpenML-297,MiamiHousing2016,Continuous,et,RMSE,13932,13,0.9574397655055655,0.00303834757099114,9.47038
OpenML-297,MiamiHousing2016,Continuous,rf,RMSE,13932,13,0.9963423416594018,0.002641390131483689,30.8379
OpenML-297,MiamiHousing2016,Continuous,rotf,RMSE,13932,13,0.946077651012647,0.003081227755114381,33.023720000000004
OpenML-297,cpu_act,Continuous,et,RMSE,8192,21,0.9476866905573649,0.004155384969400188,6.14884
OpenML-297,cpu_act,Continuous,rf,RMSE,8192,21,0.9956655157014171,0.0033471480947866246,18.454259999999998
OpenML-297,cpu_act,Continuous,rotf,RMSE,8192,21,0.9384453037350093,0.008045931029472207,22.4934
OpenML-297,isolet,Continuous,et,RMSE,7797,613,2.9533464,0.014224331435958594,113.45044
OpenML-297,isolet,Continuous,rf,RMSE,7797,613,3.521389,0.032337416455245856,642.12384
OpenML-297,isolet,Continuous,rotf,RMSE,7797,613,3.0256546,0.02556398257901146,995.5938
OpenML-297,pol,Continuous,et,RMSE,15000,26,0.9128542595471345,0.01594296757297363,4.4999
OpenML-297,pol,Continuous,rf,RMSE,15000,26,0.9896438889540681,0.014843539768778486,7.9071
OpenML-297,pol,Continuous,rotf,RMSE,15000,26,0.8869266769812871,0.014454599181624611,18.4885
OpenML-297,sulfur,Continuous,et,RMSE,10081,6,0.6317909300538048,0.010349028102402404,4.03534
OpenML-297,sulfur,Continuous,rf,RMSE,10081,6,0.9524919292851652,0.02138658898645613,13.1411
OpenML-297,sulfur,Continuous,rotf,RMSE,10081,6,0.9768178324365874,0.02618484852551142,10.59338
OpenML-297,wine_quality,Continuous,et,RMSE,6497,11,0.9530293363108292,0.004390084291481123,2.26386
OpenML-297,wine_quality,Continuous,rf,RMSE,6497,11,0.9890045327059322,0.007435953910263869,6.08246
OpenML-297,wine_quality,Continuous,rotf,RMSE,6497,11,0.953641118687775,0.007271496213864047,9.32642
OpenML-CC18,analcatdata_authorship,Continuous,et,Accuracy,841,70,0.9788238,0.005261020737461505,0.30813999999999997
OpenML-CC18,analcatdata_authorship,Continuous,rf,Accuracy,841,70,0.9717649999999999,0.006443955889048278,0.472
OpenML-CC18,analcatdata_authorship,Continuous,rotf,Accuracy,841,70,0.9741177999999999,0.01744994423200257,5.72508
OpenML-CC18,analcatdata_dmft,Categorical,et,Accuracy,797,4,0.225,0.0,0.28726
OpenML-CC18,analcatdata_dmft,Categorical,rf,Accuracy,797,4,0.28500000000000003,0.024044230077089185,0.35546
OpenML-CC18,analcatdata_dmft,Categorical,rotf,Accuracy,797,4,0.24500000000000002,0.01118033988749896,0.89042
OpenML-CC18,balance-scale,Continuous,et,Accuracy,625,4,0.873016,0.0,0.24211999999999997
OpenML-CC18,balance-scale,Continuous,rf,Accuracy,625,4,0.8825398,0.008694000155279515,0.28476
OpenML-CC18,balance-scale,Continuous,rotf,Accuracy,625,4,0.9428572000000001,0.008694000155279515,0.37704
OpenML-CC18,breast-w,Continuous,et,Accuracy,699,9,0.9657145999999999,0.007824764456518815,0.13022
OpenML-CC18,breast-w,Continuous,rf,Accuracy,699,9,0.971429,0.0,0.21225999999999998
OpenML-CC18,breast-w,Continuous,rotf,Accuracy,699,9,0.9685718,0.006388893425312408,0.4168200000000001
OpenML-CC18,cmc,Mixed,et,Accuracy,1473,9,0.4986486,0.008810050130390878,0.47359999999999997
OpenML-CC18,cmc,Mixed,rf,Accuracy,1473,9,0.5364866,0.009065168658111125,0.4808
OpenML-CC18,cmc,Mixed,rotf,Accuracy,1473,9,0.5121624,0.00565295323702576,1.8344999999999998
OpenML-CC18,credit-approval,Mixed,et,Accuracy,690,15,0.8637678000000001,0.007938143025922368,0.29657999999999995
OpenML-CC18,credit-approval,Mixed,rf,Accuracy,690,15,0.8956520000000001,0.018896099915061845,0.37388
OpenML-CC18,credit-approval,Mixed,rotf,Accuracy,690,15,0.863768,0.016524211615081677,1.9980999999999998
OpenML-CC18,credit-g,Mixed,et,Accuracy,1000,20,0.808,0.013038404810405276,0.37092
OpenML-CC18,credit-g,Mixed,rf,Accuracy,1000,20,0.798,0.019235384061671287,0.43612
OpenML-CC18,credit-g,Mixed,rotf,Accuracy,1000,20,0.788,0.017888543819998333,3.10038
OpenML-CC18,diabetes,Continuous,et,Accuracy,768,8,0.7948054,0.03603746247032387,0.28634
OpenML-CC18,diabetes,Continuous,rf,Accuracy,768,8,0.8233767999999999,0.026930416385566695,0.39690000000000003
OpenML-CC18,diabetes,Continuous,rotf,Accuracy,768,8,0.831169,0.020534249986303356,1.0555400000000001
OpenML-CC18,eucalyptus,Mixed,et,Accuracy,736,19,0.6081082,0.009555487491488874,0.35474
OpenML-CC18,eucalyptus,Mixed,rf,Accuracy,736,19,0.672973,0.025993892215287816,0.41544
OpenML-CC18,eucalyptus,Mixed,rotf,Accuracy,736,19,0.645946,0.022204976773237135,3.9287
OpenML-CC18,isolet,Continuous,et,Accuracy,7797,617,0.9441027999999999,0.0033430469933878938,6.50382
OpenML-CC18,isolet,Continuous,rf,Accuracy,7797,617,0.9312818,0.0034637732604776124,27.88644
OpenML-CC18,isolet,Continuous,rotf,Accuracy,7797,617,0.9405132,0.002951385640677966,1525.66568
OpenML-CC18,jm1,Continuous,et,Accuracy,10885,21,0.8203856,0.004884878176577151,1.9152999999999998
OpenML-CC18,jm1,Continuous,rf,Accuracy,10885,21,0.8192838,0.006173429492591606,3.77916
OpenML-CC18,jm1,Continuous,rotf,Accuracy,10885,21,0.8231406,0.002394733137533244,31.10122
OpenML-CC18,kc1,Continuous,et,Accuracy,2109,21,0.878673,0.0025962049225744716,0.41974
OpenML-CC18,kc1,Continuous,rf,Accuracy,2109,21,0.8691943999999999,0.007187444977180678,0.62634
OpenML-CC18,kc1,Continuous,rotf,Accuracy,2109,21,0.8796208,0.004239193578972299,3.75706
OpenML-CC18,kc2,Continuous,et,Accuracy,522,21,0.8075474,0.01578610138064492,0.23252
OpenML-CC18,kc2,Continuous,rf,Accuracy,522,21,0.7773586,0.00843802611989316,0.3402
OpenML-CC18,kc2,Continuous,rotf,Accuracy,522,21,0.7886794,0.008438026119893206,1.19746
OpenML-CC18,kr-vs-kp,Categorical,et,Accuracy,3196,36,0.991875,0.0017116329922036635,0.5784800000000001
OpenML-CC18,kr-vs-kp,Categorical,rf,Accuracy,3196,36,0.991875,0.0017116329922036635,0.56002
OpenML-CC18,kr-vs-kp,Categorical,rotf,Accuracy,3196,36,0.99375,0.0,3.4202799999999995
OpenML-CC18,mfeat-factors,Continuous,et,Accuracy,2000,216,0.9650000000000001,0.0035355339059327407,0.6541
OpenML-CC18,mfeat-factors,Continuous,rf,Accuracy,2000,216,0.97,0.0050000000000000044,1.91526
OpenML-CC18,mfeat-factors,Continuous,rotf,Accuracy,2000,216,0.9719999999999999,0.0027386127875258363,61.49972
OpenML-CC18,mfeat-fourier,Continuous,et,Accuracy,2000,76,0.817,0.01204159457879224,0.7547599999999999
OpenML-CC18,mfeat-fourier,Continuous,rf,Accuracy,2000,76,0.8140000000000001,0.008944271909999104,2.0553999999999997
OpenML-CC18,mfeat-fourier,Continuous,rotf,Accuracy,2000,76,0.8309999999999998,0.015165750888103114,27.69472
OpenML-CC18,mfeat-karhunen,Continuous,et,Accuracy,2000,64,0.9650000000000001,0.0035355339059327407,0.69216
OpenML-CC18,mfeat-karhunen,Continuous,rf,Accuracy,2000,64,0.9629999999999999,0.002738612787525832,2.21556
OpenML-CC18,mfeat-karhunen,Continuous,rotf,Accuracy,2000,64,0.9559999999999998,0.0054772255750517,22.732319999999998
OpenML-CC18,mfeat-morphological,Continuous,et,Accuracy,2000,6,0.666,0.008944271909999173,0.42564
OpenML-CC18,mfeat-morphological,Continuous,rf,Accuracy,2000,6,0.663,0.006708203932499367,0.6568400000000001
OpenML-CC18,mfeat-morphological,Continuous,rotf,Accuracy,2000,6,0.683,0.005700877125495652,2.28348
OpenML-CC18,mfeat-zernike,Continuous,et,Accuracy,2000,47,0.765,0.015811388300841903,0.64636
OpenML-CC18,mfeat-zernike,Continuous,rf,Accuracy,2000,47,0.77,0.010000000000000016,1.97504
OpenML-CC18,mfeat-zernike,Continuous,rotf,Accuracy,2000,47,0.787,0.007582875444051593,19.18212
OpenML-CC18,optdigits,Continuous,et,Accuracy,5620,64,0.9879002,0.002639121672071953,1.09924
OpenML-CC18,optdigits,Continuous,rf,Accuracy,5620,64,0.9825621999999999,0.0026391216720720186,1.4721600000000001
OpenML-CC18,optdigits,Continuous,rotf,Accuracy,5620,64,0.9850532,0.002028722923417566,24.377760000000002
OpenML-CC18,pc3,Continuous,et,Accuracy,1563,37,0.8891718,0.005697109898887339,0.36882000000000004
OpenML-CC18,pc3,Continuous,rf,Accuracy,1563,37,0.8904456,0.006977437660058327,0.64896
OpenML-CC18,pc3,Continuous,rotf,Accuracy,1563,37,0.8700635999999999,0.010658182199606073,5.31214
OpenML-CC18,pc4,Continuous,et,Accuracy,1458,37,0.9178082,0.009686302245955363,0.34072
OpenML-CC18,pc4,Continuous,rf,Accuracy,1458,37,0.9178082,0.0048433279054798835,0.5503
OpenML-CC18,pc4,Continuous,rotf,Accuracy,1458,37,0.9315070000000001,0.006848999999999994,4.0172
OpenML-CC18,pendigits,Continuous,et,Accuracy,10992,16,0.9947272,0.0007610021024938395,1.10844
OpenML-CC18,pendigits,Continuous,rf,Accuracy,10992,16,0.9932724,0.00137856675572859,2.34714
OpenML-CC18,pendigits,Continuous,rotf,Accuracy,10992,16,0.9954547999999999,0.0006431136757992605,30.34232
OpenML-CC18,satimage,Continuous,et,Accuracy,6430,36,0.9181958,0.002358669900600707,1.11822
OpenML-CC18,satimage,Continuous,rf,Accuracy,6430,36,0.9125972000000001,0.005432183143083413,2.09586
OpenML-CC18,satimage,Continuous,rotf,Accuracy,6430,36,0.9153966,0.0032250229921660933,25.48586
OpenML-CC18,sick,Mixed,et,Accuracy,3772,29,0.979894,0.004012000498504447,0.61556
OpenML-CC18,sick,Mixed,rf,Accuracy,3772,29,0.9899468,0.002213324354901493,0.5906399999999999
OpenML-CC18,sick,Mixed,rotf,Accuracy,3772,29,0.9941798000000001,0.0011833271736928649,3.19158
OpenML-CC18,spambase,Continuous,et,Accuracy,4601,57,0.946204,0.004172518723744646,0.95626
OpenML-CC18,spambase,Continuous,rf,Accuracy,4601,57,0.929284,0.005860796447582873,1.34572
OpenML-CC18,spambase,Continuous,rotf,Accuracy,4601,57,0.9331886,0.0032175177233389044,12.72974
OpenML-CC18,splice,Categorical,et,Accuracy,3190,60,0.970533,0.0035744499576858078,1.2288999999999999
OpenML-CC18,splice,Categorical,rf,Accuracy,3190,60,0.967398,0.003574449957685813,1.04902
OpenML-CC18,splice,Categorical,rotf,Accuracy,3190,60,0.9429468,0.0034339465924792755,16.02554
OpenML-CC18,tic-tac-toe,Categorical,et,Accuracy,958,9,0.979167,0.0,0.28268
OpenML-CC18,tic-tac-toe,Categorical,rf,Accuracy,958,9,0.979167,0.0,0.34612
OpenML-CC18,tic-tac-toe,Categorical,rotf,Accuracy,958,9,0.979167,0.0,1.12306
OpenML-CC18,vehicle,Continuous,et,Accuracy,846,18,0.7552939999999999,0.005261467951057028,0.30994
OpenML-CC18,vehicle,Continuous,rf,Accuracy,846,18,0.7458821999999999,0.013413856909927161,0.44324
OpenML-CC18,vehicle,Continuous,rotf,Accuracy,846,18,0.8141176,0.009842827124358092,2.26364
OpenML-CC18,vowel,Mixed,et,Accuracy,990,12,0.9858585999999999,0.011516911968926381,0.37212
OpenML-CC18,vowel,Mixed,rf,Accuracy,990,12,0.9676767999999999,0.013170092698990376,0.55942
OpenML-CC18,vowel,Mixed,rotf,Accuracy,990,12,0.9818182,0.0045173045281450925,3.8994
